Study (Reference),Theme,Development data,Validation design,Endpoint,Calibration reported,Decision-curve reported,Clinical comparator,Source
"Chang 2023 (37)","Mitochondrial-related genes","TCGA-STAD (training)","External: GSE66229, GSE15459","Overall survival","Yes","Yes","TNM stage / clinical variables","PMID 36915111"
"Huang 2023 (38)","CHSY3 / immune infiltration","TCGA plus GEO expression datasets","Multi-dataset expression and prognosis analysis (GSE66229, GSE65801, GSE63089, GSE54129, GSE51575, GSE26901, GSE84433); no single locked signature model","Overall survival","Yes","Not reported","Clinicopathological variables","PMID 37461041"
"Zhu 2024 (39)","Amino acid metabolism","TCGA-STAD","External: GSE84433, GSE84437, GSE84426; Mendelian randomization","Overall survival","Yes","Yes","Not compared","PMID 39353384"
"Li 2024 (40)","Pyroptosis / scRNA-informed","TCGA-STAD plus scRNA-seq GSE183904","External: GSE62254 (ACRG cohort, n=300)","Overall survival, disease-free survival","Yes","Not reported","TNM stage / clinical variables","PMID 38404710"
"Cai 2024 (41)","lncRNA / peritoneal recurrence","SYSUCC discovery cohort (12 patients, paired peritoneal/primary/normal tissue)","SYSUCC validation cohort (231 stage II-III patients) plus interactive TCGA analysis","Peritoneal recurrence / prognosis","Not reported","Not reported","Clinical variables","PMID 39736670"
"Jiang 2025 (42)","Migrasome-related lncRNAs","TCGA-STAD","Internal only: random training/testing split of the TCGA cohort","Overall survival","Yes","Yes","TNM stage / clinical variables","PMID 40281132"
"Zhang 2025 (43)","Antigen-presenting fibroblasts / scRNA","TCGA-STAD","External: GSE62254, GSE15459","Overall survival","Yes","Not reported","TNM stage / clinical variables","PMID 40544264"
"Yang 2025 (44)","Hypoxia-associated genes","TCGA-STAD","External: GSE15460 (n=248)","Overall survival","Not reported","Not reported","Clinicopathological variables","PMID 40129974"
"Jin 2025 (45)","Intratumoral microbiome","TCGA-STAD (training set)","Datasets reported include GSE183904 and GSE62254; external-validation status not explicitly delineated","Overall survival","Yes","Not reported","TNM stage / clinical variables","PMID 40677704"
"Yang 2025 (46)","Multiple machine-learning algorithms","TCGA-STAD","External: GSE84437, GSE26253","Overall survival","Not reported","Not reported","Univariate/multivariate Cox with clinical variables","PMID 41085794"
"Wang 2025 (47)","Multi-omics plus deep learning","TCGA-STAD, CPTAC, scRNA-seq (HRA004702, GSE183904, GSE163558, GSE308231)","Internal held-out validation set for the image-based model; multi-omics integration","Prognosis","Not reported","Not reported","Not reported","PMID 41360923"
